FileName,Prediction
img_test_0000.jpg,Non-Cracked
img_test_0001.jpg,Cracked
img_test_0002.jpg,Cracked
img_test_0003.jpg,Non-Cracked
img_test_0004.jpg,Non-Cracked
img_test_0005.jpg,Non-Cracked
img_test_0006.jpg,Cracked
img_test_0007.jpg,Cracked
img_test_0008.jpg,Non-Cracked
img_test_0009.jpg,Cracked
img_test_0010.jpg,Non-Cracked
img_test_0011.jpg,Cracked
img_test_0012.jpg,Non-Cracked
img_test_0013.jpg,Cracked
img_test_0014.jpg,Cracked
img_test_0015.jpg,Cracked
img_test_0016.jpg,Non-Cracked
img_test_0017.jpg,Cracked
img_test_0018.jpg,Cracked
img_test_0019.jpg,Non-Cracked
img_test_0020.jpg,Non-Cracked
img_test_0021.jpg,Cracked
img_test_0022.jpg,Cracked
img_test_0023.jpg,Non-Cracked
img_test_0024.jpg,Non-Cracked
img_test_0025.jpg,Cracked
img_test_0026.jpg,Non-Cracked
img_test_0027.jpg,Cracked
img_test_0028.jpg,Cracked
img_test_0029.jpg,Non-Cracked
img_test_0030.jpg,Non-Cracked
img_test_0031.jpg,Non-Cracked
img_test_0032.jpg,Non-Cracked
img_test_0033.jpg,Non-Cracked
img_test_0034.jpg,Non-Cracked
img_test_0035.jpg,Cracked
img_test_0036.jpg,Cracked
img_test_0037.jpg,Cracked
img_test_0038.jpg,Cracked
img_test_0039.jpg,Cracked
img_test_0040.jpg,Cracked
img_test_0041.jpg,Cracked
img_test_0042.jpg,Cracked
img_test_0043.jpg,Non-Cracked
img_test_0044.jpg,Non-Cracked
img_test_0045.jpg,Cracked
img_test_0046.jpg,Cracked
img_test_0047.jpg,Cracked
img_test_0048.jpg,Cracked
img_test_0049.jpg,Cracked
img_test_0050.jpg,Non-Cracked
img_test_0051.jpg,Cracked
img_test_0052.jpg,Cracked
img_test_0053.jpg,Non-Cracked
img_test_0054.jpg,Non-Cracked
img_test_0055.jpg,Cracked
img_test_0056.jpg,Non-Cracked
img_test_0057.jpg,Cracked
img_test_0058.jpg,Cracked
img_test_0059.jpg,Cracked
img_test_0060.jpg,Non-Cracked
img_test_0061.jpg,Cracked
img_test_0062.jpg,Cracked
img_test_0063.jpg,Cracked
img_test_0064.jpg,Non-Cracked
img_test_0065.jpg,Cracked
img_test_0066.jpg,Cracked
img_test_0067.jpg,Cracked
img_test_0068.jpg,Cracked
img_test_0069.jpg,Cracked
img_test_0070.jpg,Cracked
img_test_0071.jpg,Cracked
img_test_0072.jpg,Cracked
img_test_0073.jpg,Non-Cracked
img_test_0074.jpg,Cracked
img_test_0075.jpg,Cracked
img_test_0076.jpg,Cracked
img_test_0077.jpg,Cracked
img_test_0078.jpg,Cracked
img_test_0079.jpg,Non-Cracked
img_test_0080.jpg,Non-Cracked
img_test_0081.jpg,Cracked
img_test_0082.jpg,Cracked
img_test_0083.jpg,Cracked
img_test_0084.jpg,Cracked
img_test_0085.jpg,Cracked
img_test_0086.jpg,Cracked
img_test_0087.jpg,Cracked
img_test_0088.jpg,Cracked
img_test_0089.jpg,Non-Cracked
img_test_0090.jpg,Cracked
img_test_0091.jpg,Cracked
img_test_0092.jpg,Non-Cracked
img_test_0093.jpg,Cracked
img_test_0094.jpg,Cracked
img_test_0095.jpg,Cracked
img_test_0096.jpg,Non-Cracked
img_test_0097.jpg,Cracked
img_test_0098.jpg,Non-Cracked
img_test_0099.jpg,Cracked
img_test_0100.jpg,Non-Cracked
img_test_0101.jpg,Cracked
img_test_0102.jpg,Non-Cracked
img_test_0103.jpg,Cracked
img_test_0104.jpg,Non-Cracked
img_test_0105.jpg,Non-Cracked
img_test_0106.jpg,Cracked
img_test_0107.jpg,Non-Cracked
img_test_0108.jpg,Cracked
img_test_0109.jpg,Cracked
img_test_0110.jpg,Cracked
img_test_0111.jpg,Non-Cracked
img_test_0112.jpg,Non-Cracked
img_test_0113.jpg,Cracked
img_test_0114.jpg,Cracked
img_test_0115.jpg,Cracked
img_test_0116.jpg,Cracked
img_test_0117.jpg,Cracked
img_test_0118.jpg,Non-Cracked
img_test_0119.jpg,Cracked
img_test_0120.jpg,Non-Cracked
img_test_0121.jpg,Cracked
img_test_0122.jpg,Cracked
img_test_0123.jpg,Cracked
img_test_0124.jpg,Non-Cracked
img_test_0125.jpg,Cracked
img_test_0126.jpg,Non-Cracked
img_test_0127.jpg,Cracked
img_test_0128.jpg,Cracked
img_test_0129.jpg,Cracked
img_test_0130.jpg,Cracked
img_test_0131.jpg,Non-Cracked
img_test_0132.jpg,Non-Cracked
img_test_0133.jpg,Non-Cracked
img_test_0134.jpg,Cracked
img_test_0135.jpg,Cracked
img_test_0136.jpg,Cracked
img_test_0137.jpg,Cracked
img_test_0138.jpg,Cracked
img_test_0139.jpg,Non-Cracked
img_test_0140.jpg,Cracked
img_test_0141.jpg,Non-Cracked
img_test_0142.jpg,Non-Cracked
img_test_0143.jpg,Non-Cracked
img_test_0144.jpg,Non-Cracked
img_test_0145.jpg,Non-Cracked
img_test_0146.jpg,Cracked
img_test_0147.jpg,Non-Cracked
img_test_0148.jpg,Non-Cracked
img_test_0149.jpg,Non-Cracked
img_test_0150.jpg,Cracked
img_test_0151.jpg,Cracked
img_test_0152.jpg,Cracked
img_test_0153.jpg,Non-Cracked
img_test_0154.jpg,Cracked
img_test_0155.jpg,Cracked
img_test_0156.jpg,Cracked
img_test_0157.jpg,Cracked
img_test_0158.jpg,Cracked
img_test_0159.jpg,Cracked
img_test_0160.jpg,Cracked
img_test_0161.jpg,Cracked
img_test_0162.jpg,Non-Cracked
img_test_0163.jpg,Non-Cracked
img_test_0164.jpg,Cracked
img_test_0165.jpg,Cracked
img_test_0166.jpg,Non-Cracked
img_test_0167.jpg,Cracked
img_test_0168.jpg,Non-Cracked
img_test_0169.jpg,Cracked
img_test_0170.jpg,Non-Cracked
img_test_0171.jpg,Non-Cracked
img_test_0172.jpg,Non-Cracked
img_test_0173.jpg,Cracked
img_test_0174.jpg,Cracked
img_test_0175.jpg,Non-Cracked
img_test_0176.jpg,Non-Cracked
img_test_0177.jpg,Cracked
img_test_0178.jpg,Cracked
img_test_0179.jpg,Cracked
img_test_0180.jpg,Non-Cracked
img_test_0181.jpg,Cracked
img_test_0182.jpg,Non-Cracked
img_test_0183.jpg,Cracked
img_test_0184.jpg,Non-Cracked
img_test_0185.jpg,Non-Cracked
img_test_0186.jpg,Cracked
img_test_0187.jpg,Cracked
img_test_0188.jpg,Non-Cracked
img_test_0189.jpg,Non-Cracked
img_test_0190.jpg,Cracked
img_test_0191.jpg,Cracked
img_test_0192.jpg,Non-Cracked
img_test_0193.jpg,Non-Cracked
img_test_0194.jpg,Non-Cracked
img_test_0195.jpg,Non-Cracked
img_test_0196.jpg,Cracked
img_test_0197.jpg,Cracked
img_test_0198.jpg,Non-Cracked
img_test_0199.jpg,Cracked
img_test_0200.jpg,Non-Cracked
img_test_0201.jpg,Cracked
img_test_0202.jpg,Non-Cracked
img_test_0203.jpg,Cracked
img_test_0204.jpg,Non-Cracked
img_test_0205.jpg,Cracked
img_test_0206.jpg,Cracked
img_test_0207.jpg,Cracked
img_test_0208.jpg,Cracked
img_test_0209.jpg,Cracked
img_test_0210.jpg,Non-Cracked
img_test_0211.jpg,Non-Cracked
img_test_0212.jpg,Non-Cracked
img_test_0213.jpg,Cracked
img_test_0214.jpg,Non-Cracked
img_test_0215.jpg,Cracked
img_test_0216.jpg,Cracked
img_test_0217.jpg,Non-Cracked
img_test_0218.jpg,Cracked
img_test_0219.jpg,Cracked
img_test_0220.jpg,Cracked
img_test_0221.jpg,Non-Cracked
img_test_0222.jpg,Non-Cracked
img_test_0223.jpg,Non-Cracked
img_test_0224.jpg,Non-Cracked
img_test_0225.jpg,Cracked
img_test_0226.jpg,Non-Cracked
img_test_0227.jpg,Cracked
img_test_0228.jpg,Cracked
img_test_0229.jpg,Non-Cracked
img_test_0230.jpg,Non-Cracked
img_test_0231.jpg,Cracked
img_test_0232.jpg,Cracked
img_test_0233.jpg,Cracked
img_test_0234.jpg,Non-Cracked
img_test_0235.jpg,Non-Cracked
img_test_0236.jpg,Non-Cracked
img_test_0237.jpg,Non-Cracked
img_test_0238.jpg,Cracked
img_test_0239.jpg,Non-Cracked
img_test_0240.jpg,Non-Cracked
img_test_0241.jpg,Cracked
img_test_0242.jpg,Cracked
img_test_0243.jpg,Non-Cracked
img_test_0244.jpg,Non-Cracked
img_test_0245.jpg,Cracked
img_test_0246.jpg,Non-Cracked
img_test_0247.jpg,Non-Cracked
img_test_0248.jpg,Cracked
img_test_0249.jpg,Non-Cracked
img_test_0250.jpg,Cracked
img_test_0251.jpg,Cracked
img_test_0252.jpg,Cracked
img_test_0253.jpg,Cracked
img_test_0254.jpg,Non-Cracked
img_test_0255.jpg,Cracked
img_test_0256.jpg,Cracked
img_test_0257.jpg,Non-Cracked
img_test_0258.jpg,Cracked
img_test_0259.jpg,Cracked
img_test_0260.jpg,Non-Cracked
img_test_0261.jpg,Cracked
img_test_0262.jpg,Cracked
img_test_0263.jpg,Cracked
img_test_0264.jpg,Non-Cracked
img_test_0265.jpg,Cracked
img_test_0266.jpg,Non-Cracked
img_test_0267.jpg,Cracked
img_test_0268.jpg,Non-Cracked
img_test_0269.jpg,Non-Cracked
img_test_0270.jpg,Non-Cracked
img_test_0271.jpg,Cracked
img_test_0272.jpg,Cracked
img_test_0273.jpg,Non-Cracked
img_test_0274.jpg,Non-Cracked
img_test_0275.jpg,Cracked
img_test_0276.jpg,Cracked
img_test_0277.jpg,Non-Cracked
img_test_0278.jpg,Cracked
img_test_0279.jpg,Cracked
img_test_0280.jpg,Cracked
img_test_0281.jpg,Non-Cracked
img_test_0282.jpg,Non-Cracked
img_test_0283.jpg,Non-Cracked
img_test_0284.jpg,Cracked
img_test_0285.jpg,Cracked
img_test_0286.jpg,Non-Cracked
img_test_0287.jpg,Cracked
img_test_0288.jpg,Cracked
img_test_0289.jpg,Non-Cracked
img_test_0290.jpg,Non-Cracked
img_test_0291.jpg,Non-Cracked
img_test_0292.jpg,Cracked
img_test_0293.jpg,Cracked
img_test_0294.jpg,Cracked
img_test_0295.jpg,Cracked
img_test_0296.jpg,Non-Cracked
img_test_0297.jpg,Non-Cracked
img_test_0298.jpg,Cracked
img_test_0299.jpg,Non-Cracked
img_test_0300.jpg,Cracked
img_test_0301.jpg,Non-Cracked
img_test_0302.jpg,Non-Cracked
img_test_0303.jpg,Cracked
img_test_0304.jpg,Cracked
img_test_0305.jpg,Non-Cracked
img_test_0306.jpg,Non-Cracked
img_test_0307.jpg,Cracked
img_test_0308.jpg,Cracked
img_test_0309.jpg,Non-Cracked
img_test_0310.jpg,Non-Cracked
img_test_0311.jpg,Cracked
img_test_0312.jpg,Cracked
img_test_0313.jpg,Cracked
img_test_0314.jpg,Non-Cracked
img_test_0315.jpg,Cracked
img_test_0316.jpg,Non-Cracked
img_test_0317.jpg,Cracked
img_test_0318.jpg,Cracked
img_test_0319.jpg,Cracked
img_test_0320.jpg,Non-Cracked
img_test_0321.jpg,Cracked
img_test_0322.jpg,Non-Cracked
img_test_0323.jpg,Cracked
img_test_0324.jpg,Non-Cracked
img_test_0325.jpg,Cracked
img_test_0326.jpg,Cracked
img_test_0327.jpg,Cracked
img_test_0328.jpg,Cracked
img_test_0329.jpg,Non-Cracked
img_test_0330.jpg,Cracked
img_test_0331.jpg,Cracked
img_test_0332.jpg,Cracked
img_test_0333.jpg,Cracked
img_test_0334.jpg,Cracked
img_test_0335.jpg,Cracked
img_test_0336.jpg,Cracked
img_test_0337.jpg,Cracked
img_test_0338.jpg,Non-Cracked
img_test_0339.jpg,Non-Cracked
img_test_0340.jpg,Cracked
img_test_0341.jpg,Non-Cracked
img_test_0342.jpg,Non-Cracked
img_test_0343.jpg,Cracked
img_test_0344.jpg,Non-Cracked
img_test_0345.jpg,Cracked
img_test_0346.jpg,Cracked
img_test_0347.jpg,Cracked
img_test_0348.jpg,Cracked
img_test_0349.jpg,Non-Cracked
img_test_0350.jpg,Cracked
img_test_0351.jpg,Non-Cracked
img_test_0352.jpg,Cracked
img_test_0353.jpg,Non-Cracked
img_test_0354.jpg,Cracked
img_test_0355.jpg,Cracked
img_test_0356.jpg,Non-Cracked
img_test_0357.jpg,Non-Cracked
img_test_0358.jpg,Cracked
img_test_0359.jpg,Non-Cracked
img_test_0360.jpg,Cracked
img_test_0361.jpg,Non-Cracked
img_test_0362.jpg,Non-Cracked
img_test_0363.jpg,Cracked
img_test_0364.jpg,Non-Cracked
img_test_0365.jpg,Non-Cracked
img_test_0366.jpg,Non-Cracked
img_test_0367.jpg,Non-Cracked
img_test_0368.jpg,Cracked
img_test_0369.jpg,Non-Cracked
img_test_0370.jpg,Non-Cracked
img_test_0371.jpg,Non-Cracked
img_test_0372.jpg,Cracked
img_test_0373.jpg,Cracked
img_test_0374.jpg,Cracked
img_test_0375.jpg,Cracked
img_test_0376.jpg,Cracked
img_test_0377.jpg,Non-Cracked
img_test_0378.jpg,Cracked
img_test_0379.jpg,Non-Cracked
img_test_0380.jpg,Cracked
img_test_0381.jpg,Non-Cracked
img_test_0382.jpg,Non-Cracked
img_test_0383.jpg,Cracked
img_test_0384.jpg,Non-Cracked
img_test_0385.jpg,Non-Cracked
img_test_0386.jpg,Cracked
img_test_0387.jpg,Cracked
img_test_0388.jpg,Non-Cracked
img_test_0389.jpg,Cracked
img_test_0390.jpg,Non-Cracked
img_test_0391.jpg,Cracked
img_test_0392.jpg,Cracked
img_test_0393.jpg,Non-Cracked
img_test_0394.jpg,Non-Cracked
img_test_0395.jpg,Non-Cracked
img_test_0396.jpg,Non-Cracked
img_test_0397.jpg,Cracked
img_test_0398.jpg,Cracked
img_test_0399.jpg,Cracked
img_test_0400.jpg,Non-Cracked
img_test_0401.jpg,Non-Cracked
img_test_0402.jpg,Cracked
img_test_0403.jpg,Cracked
img_test_0404.jpg,Cracked
img_test_0405.jpg,Cracked
img_test_0406.jpg,Non-Cracked
img_test_0407.jpg,Cracked
img_test_0408.jpg,Non-Cracked
img_test_0409.jpg,Non-Cracked
img_test_0410.jpg,Cracked
img_test_0411.jpg,Cracked
img_test_0412.jpg,Non-Cracked
img_test_0413.jpg,Cracked
img_test_0414.jpg,Non-Cracked
img_test_0415.jpg,Non-Cracked
img_test_0416.jpg,Cracked
img_test_0417.jpg,Cracked
img_test_0418.jpg,Non-Cracked
img_test_0419.jpg,Cracked
img_test_0420.jpg,Non-Cracked
img_test_0421.jpg,Non-Cracked
img_test_0422.jpg,Cracked
img_test_0423.jpg,Cracked
img_test_0424.jpg,Cracked
img_test_0425.jpg,Cracked
img_test_0426.jpg,Cracked
img_test_0427.jpg,Cracked
img_test_0428.jpg,Cracked
img_test_0429.jpg,Cracked
img_test_0430.jpg,Cracked
img_test_0431.jpg,Non-Cracked
img_test_0432.jpg,Cracked
img_test_0433.jpg,Non-Cracked
img_test_0434.jpg,Cracked
img_test_0435.jpg,Cracked
img_test_0436.jpg,Non-Cracked
img_test_0437.jpg,Cracked
img_test_0438.jpg,Cracked
img_test_0439.jpg,Cracked
img_test_0440.jpg,Non-Cracked
img_test_0441.jpg,Non-Cracked
img_test_0442.jpg,Cracked
img_test_0443.jpg,Non-Cracked
img_test_0444.jpg,Non-Cracked
img_test_0445.jpg,Non-Cracked
img_test_0446.jpg,Non-Cracked
img_test_0447.jpg,Cracked
img_test_0448.jpg,Non-Cracked
img_test_0449.jpg,Non-Cracked
img_test_0450.jpg,Cracked
img_test_0451.jpg,Non-Cracked
img_test_0452.jpg,Non-Cracked
img_test_0453.jpg,Non-Cracked
img_test_0454.jpg,Cracked
img_test_0455.jpg,Cracked
img_test_0456.jpg,Non-Cracked
img_test_0457.jpg,Non-Cracked
img_test_0458.jpg,Cracked
img_test_0459.jpg,Non-Cracked
img_test_0460.jpg,Non-Cracked
img_test_0461.jpg,Cracked
img_test_0462.jpg,Non-Cracked
img_test_0463.jpg,Non-Cracked
img_test_0464.jpg,Non-Cracked
img_test_0465.jpg,Cracked
img_test_0466.jpg,Non-Cracked
img_test_0467.jpg,Cracked
img_test_0468.jpg,Non-Cracked
img_test_0469.jpg,Cracked
img_test_0470.jpg,Cracked
img_test_0471.jpg,Cracked
img_test_0472.jpg,Non-Cracked
img_test_0473.jpg,Cracked
img_test_0474.jpg,Non-Cracked
img_test_0475.jpg,Cracked
img_test_0476.jpg,Non-Cracked
img_test_0477.jpg,Cracked
img_test_0478.jpg,Non-Cracked
img_test_0479.jpg,Cracked
img_test_0480.jpg,Non-Cracked
img_test_0481.jpg,Cracked
img_test_0482.jpg,Cracked
img_test_0483.jpg,Non-Cracked
img_test_0484.jpg,Cracked
img_test_0485.jpg,Non-Cracked
img_test_0486.jpg,Cracked
img_test_0487.jpg,Non-Cracked
img_test_0488.jpg,Cracked
img_test_0489.jpg,Non-Cracked
img_test_0490.jpg,Cracked
img_test_0491.jpg,Cracked
img_test_0492.jpg,Cracked
img_test_0493.jpg,Cracked
img_test_0494.jpg,Cracked
img_test_0495.jpg,Cracked
img_test_0496.jpg,Cracked
img_test_0497.jpg,Cracked
img_test_0498.jpg,Non-Cracked
img_test_0499.jpg,Cracked
img_test_0500.jpg,Cracked
img_test_0501.jpg,Cracked
img_test_0502.jpg,Non-Cracked
img_test_0503.jpg,Cracked
img_test_0504.jpg,Cracked
img_test_0505.jpg,Cracked
img_test_0506.jpg,Non-Cracked
img_test_0507.jpg,Cracked
img_test_0508.jpg,Cracked
img_test_0509.jpg,Non-Cracked
img_test_0510.jpg,Cracked
img_test_0511.jpg,Non-Cracked
img_test_0512.jpg,Cracked
img_test_0513.jpg,Cracked
img_test_0514.jpg,Cracked
img_test_0515.jpg,Cracked
img_test_0516.jpg,Cracked
img_test_0517.jpg,Non-Cracked
img_test_0518.jpg,Cracked
img_test_0519.jpg,Cracked
img_test_0520.jpg,Cracked
img_test_0521.jpg,Cracked
img_test_0522.jpg,Non-Cracked
img_test_0523.jpg,Cracked
img_test_0524.jpg,Non-Cracked
img_test_0525.jpg,Cracked
img_test_0526.jpg,Cracked
img_test_0527.jpg,Non-Cracked
img_test_0528.jpg,Cracked
img_test_0529.jpg,Cracked
img_test_0530.jpg,Cracked
img_test_0531.jpg,Cracked
img_test_0532.jpg,Non-Cracked
img_test_0533.jpg,Cracked
img_test_0534.jpg,Cracked
img_test_0535.jpg,Cracked
img_test_0536.jpg,Non-Cracked
img_test_0537.jpg,Non-Cracked
img_test_0538.jpg,Cracked
img_test_0539.jpg,Cracked
img_test_0540.jpg,Non-Cracked
img_test_0541.jpg,Non-Cracked
img_test_0542.jpg,Non-Cracked
img_test_0543.jpg,Non-Cracked
img_test_0544.jpg,Cracked
img_test_0545.jpg,Non-Cracked
img_test_0546.jpg,Cracked
img_test_0547.jpg,Non-Cracked
img_test_0548.jpg,Non-Cracked
img_test_0549.jpg,Cracked
img_test_0550.jpg,Cracked
img_test_0551.jpg,Non-Cracked
img_test_0552.jpg,Non-Cracked
img_test_0553.jpg,Cracked
img_test_0554.jpg,Cracked
img_test_0555.jpg,Non-Cracked
img_test_0556.jpg,Cracked
img_test_0557.jpg,Non-Cracked
img_test_0558.jpg,Cracked
img_test_0559.jpg,Non-Cracked
img_test_0560.jpg,Cracked
img_test_0561.jpg,Cracked
img_test_0562.jpg,Non-Cracked
img_test_0563.jpg,Cracked
img_test_0564.jpg,Cracked
img_test_0565.jpg,Cracked
img_test_0566.jpg,Non-Cracked
img_test_0567.jpg,Cracked
img_test_0568.jpg,Cracked
img_test_0569.jpg,Cracked
img_test_0570.jpg,Non-Cracked
img_test_0571.jpg,Non-Cracked
img_test_0572.jpg,Non-Cracked
img_test_0573.jpg,Non-Cracked
img_test_0574.jpg,Cracked
img_test_0575.jpg,Cracked
img_test_0576.jpg,Non-Cracked
img_test_0577.jpg,Cracked
img_test_0578.jpg,Non-Cracked
img_test_0579.jpg,Cracked
img_test_0580.jpg,Cracked
img_test_0581.jpg,Non-Cracked
img_test_0582.jpg,Non-Cracked
img_test_0583.jpg,Non-Cracked
img_test_0584.jpg,Non-Cracked
img_test_0585.jpg,Non-Cracked
img_test_0586.jpg,Non-Cracked
img_test_0587.jpg,Non-Cracked
img_test_0588.jpg,Non-Cracked
img_test_0589.jpg,Cracked
img_test_0590.jpg,Non-Cracked
img_test_0591.jpg,Cracked
img_test_0592.jpg,Cracked
img_test_0593.jpg,Cracked
img_test_0594.jpg,Cracked
img_test_0595.jpg,Cracked
img_test_0596.jpg,Cracked
img_test_0597.jpg,Non-Cracked
img_test_0598.jpg,Cracked
img_test_0599.jpg,Non-Cracked
img_test_0600.jpg,Cracked
img_test_0601.jpg,Non-Cracked
img_test_0602.jpg,Cracked
img_test_0603.jpg,Cracked
img_test_0604.jpg,Cracked
img_test_0605.jpg,Cracked
img_test_0606.jpg,Non-Cracked
img_test_0607.jpg,Cracked
img_test_0608.jpg,Non-Cracked
img_test_0609.jpg,Non-Cracked
img_test_0610.jpg,Cracked
img_test_0611.jpg,Non-Cracked
img_test_0612.jpg,Non-Cracked
img_test_0613.jpg,Non-Cracked
img_test_0614.jpg,Cracked
img_test_0615.jpg,Cracked
img_test_0616.jpg,Cracked
img_test_0617.jpg,Cracked
img_test_0618.jpg,Cracked
img_test_0619.jpg,Non-Cracked
img_test_0620.jpg,Non-Cracked
img_test_0621.jpg,Non-Cracked
img_test_0622.jpg,Cracked
img_test_0623.jpg,Cracked
img_test_0624.jpg,Non-Cracked
img_test_0625.jpg,Non-Cracked
img_test_0626.jpg,Cracked
img_test_0627.jpg,Non-Cracked
img_test_0628.jpg,Non-Cracked
img_test_0629.jpg,Non-Cracked
img_test_0630.jpg,Non-Cracked
img_test_0631.jpg,Non-Cracked
img_test_0632.jpg,Cracked
img_test_0633.jpg,Non-Cracked
img_test_0634.jpg,Non-Cracked
img_test_0635.jpg,Cracked
img_test_0636.jpg,Non-Cracked
img_test_0637.jpg,Non-Cracked
img_test_0638.jpg,Non-Cracked
img_test_0639.jpg,Cracked
img_test_0640.jpg,Cracked
img_test_0641.jpg,Cracked
img_test_0642.jpg,Cracked
img_test_0643.jpg,Non-Cracked
img_test_0644.jpg,Non-Cracked
img_test_0645.jpg,Cracked
img_test_0646.jpg,Cracked
img_test_0647.jpg,Cracked
img_test_0648.jpg,Cracked
img_test_0649.jpg,Cracked
img_test_0650.jpg,Non-Cracked
img_test_0651.jpg,Cracked
img_test_0652.jpg,Non-Cracked
img_test_0653.jpg,Cracked
img_test_0654.jpg,Non-Cracked
img_test_0655.jpg,Cracked
img_test_0656.jpg,Non-Cracked
img_test_0657.jpg,Cracked
img_test_0658.jpg,Cracked
img_test_0659.jpg,Cracked
img_test_0660.jpg,Non-Cracked
img_test_0661.jpg,Cracked
img_test_0662.jpg,Cracked
img_test_0663.jpg,Cracked
img_test_0664.jpg,Cracked
img_test_0665.jpg,Cracked
img_test_0666.jpg,Non-Cracked
img_test_0667.jpg,Cracked
img_test_0668.jpg,Non-Cracked
img_test_0669.jpg,Cracked
img_test_0670.jpg,Cracked
img_test_0671.jpg,Non-Cracked
img_test_0672.jpg,Cracked
img_test_0673.jpg,Cracked
img_test_0674.jpg,Cracked
img_test_0675.jpg,Non-Cracked
img_test_0676.jpg,Cracked
img_test_0677.jpg,Cracked
img_test_0678.jpg,Cracked
img_test_0679.jpg,Non-Cracked
img_test_0680.jpg,Cracked
img_test_0681.jpg,Non-Cracked
img_test_0682.jpg,Cracked
img_test_0683.jpg,Non-Cracked
img_test_0684.jpg,Cracked
img_test_0685.jpg,Non-Cracked
img_test_0686.jpg,Cracked
img_test_0687.jpg,Cracked
img_test_0688.jpg,Cracked
img_test_0689.jpg,Cracked
img_test_0690.jpg,Cracked
img_test_0691.jpg,Cracked
img_test_0692.jpg,Cracked
img_test_0693.jpg,Cracked
img_test_0694.jpg,Cracked
img_test_0695.jpg,Cracked
img_test_0696.jpg,Non-Cracked
img_test_0697.jpg,Cracked
img_test_0698.jpg,Non-Cracked
img_test_0699.jpg,Cracked
